{
	"version": 1,
	"changelists": [
		{
			"guid": "00000000000000000000000000000000",
			"description": "Default Uncontrolled Changelist",
			"files": [
				"C:/Users/bulle/Documents/GitHub/Savith-Sensei/UE-3rdPerson-Character-Unarmed/BP_ThirdPerson/Content/MyContent/Maps/TestingGrounds.umap",
				"C:/Users/bulle/Documents/GitHub/Savith-Sensei/UE-3rdPerson-Character-Unarmed/BP_ThirdPerson/Content/ThirdPerson/MI_ThirdPersonColWay.uasset",
				"C:/Users/bulle/Documents/GitHub/Savith-Sensei/UE-3rdPerson-Character-Unarmed/BP_ThirdPerson/Content/__ExternalActors__/ThirdPerson/Lvl_ThirdPerson/F/4G/TYFCMQ9MC435YW6FZBF5FS.uasset",
				"C:/Users/bulle/Documents/GitHub/Savith-Sensei/UE-3rdPerson-Character-Unarmed/BP_ThirdPerson/Content/__ExternalActors__/ThirdPerson/Lvl_ThirdPerson/E/SS/QXUZ4IXFNKHCYFWERA1HQA.uasset",
				"C:/Users/bulle/Documents/GitHub/Savith-Sensei/UE-3rdPerson-Character-Unarmed/BP_ThirdPerson/Content/__ExternalActors__/ThirdPerson/Lvl_ThirdPerson/E/JR/W7S9610Y7RWELGF93FZYAE.uasset",
				"C:/Users/bulle/Documents/GitHub/Savith-Sensei/UE-3rdPerson-Character-Unarmed/BP_ThirdPerson/Content/__ExternalActors__/ThirdPerson/Lvl_ThirdPerson/E/96/RFQP83S9K0LC7IW8CXS6C0.uasset",
				"C:/Users/bulle/Documents/GitHub/Savith-Sensei/UE-3rdPerson-Character-Unarmed/BP_ThirdPerson/Content/__ExternalActors__/ThirdPerson/Lvl_ThirdPerson/D/MG/EDRUPW3EOYDDSI6HNSIVT1.uasset",
				"C:/Users/bulle/Documents/GitHub/Savith-Sensei/UE-3rdPerson-Character-Unarmed/BP_ThirdPerson/Content/__ExternalActors__/ThirdPerson/Lvl_ThirdPerson/D/M3/6T1XG4EDG4ZEE1U9HMYL4C.uasset",
				"C:/Users/bulle/Documents/GitHub/Savith-Sensei/UE-3rdPerson-Character-Unarmed/BP_ThirdPerson/Content/__ExternalActors__/ThirdPerson/Lvl_ThirdPerson/D/K5/NQBPXM7AM8N39CBW4ZT57P.uasset",
				"C:/Users/bulle/Documents/GitHub/Savith-Sensei/UE-3rdPerson-Character-Unarmed/BP_ThirdPerson/Content/__ExternalActors__/ThirdPerson/Lvl_ThirdPerson/D/AY/KLCRMXKI9WR2P0GDY96C36.uasset",
				"C:/Users/bulle/Documents/GitHub/Savith-Sensei/UE-3rdPerson-Character-Unarmed/BP_ThirdPerson/Content/__ExternalActors__/ThirdPerson/Lvl_ThirdPerson/D/8U/VKFLMM0CV8ZCC0P3TQGTTM.uasset",
				"C:/Users/bulle/Documents/GitHub/Savith-Sensei/UE-3rdPerson-Character-Unarmed/BP_ThirdPerson/Content/__ExternalActors__/ThirdPerson/Lvl_ThirdPerson/D/50/395Y4QE4IIEWI3KSE3SB6L.uasset",
				"C:/Users/bulle/Documents/GitHub/Savith-Sensei/UE-3rdPerson-Character-Unarmed/BP_ThirdPerson/Content/__ExternalActors__/ThirdPerson/Lvl_ThirdPerson/D/13/EPTYZCFZWXT7Z7XYKZ88XK.uasset",
				"C:/Users/bulle/Documents/GitHub/Savith-Sensei/UE-3rdPerson-Character-Unarmed/BP_ThirdPerson/Content/__ExternalActors__/ThirdPerson/Lvl_ThirdPerson/C/HY/Q7CPP7VHOXBAMAJI90W626.uasset",
				"C:/Users/bulle/Documents/GitHub/Savith-Sensei/UE-3rdPerson-Character-Unarmed/BP_ThirdPerson/Content/__ExternalActors__/ThirdPerson/Lvl_ThirdPerson/C/EE/HZ5WNBFZRJYQPUA6X8TVVT.uasset",
				"C:/Users/bulle/Documents/GitHub/Savith-Sensei/UE-3rdPerson-Character-Unarmed/BP_ThirdPerson/Content/__ExternalActors__/ThirdPerson/Lvl_ThirdPerson/C/27/6ZCCZ1F7ZO6DM3C8OLVGTF.uasset",
				"C:/Users/bulle/Documents/GitHub/Savith-Sensei/UE-3rdPerson-Character-Unarmed/BP_ThirdPerson/Content/__ExternalActors__/ThirdPerson/Lvl_ThirdPerson/B/RX/297QBXCKTP06G7NIHIULK4.uasset",
				"C:/Users/bulle/Documents/GitHub/Savith-Sensei/UE-3rdPerson-Character-Unarmed/BP_ThirdPerson/Content/__ExternalActors__/ThirdPerson/Lvl_ThirdPerson/B/P1/LRQT09TOYHOXK9DY22EIKE.uasset",
				"C:/Users/bulle/Documents/GitHub/Savith-Sensei/UE-3rdPerson-Character-Unarmed/BP_ThirdPerson/Content/__ExternalActors__/ThirdPerson/Lvl_ThirdPerson/B/HX/PES0ONLF01PSQTJCC5USD2.uasset",
				"C:/Users/bulle/Documents/GitHub/Savith-Sensei/UE-3rdPerson-Character-Unarmed/BP_ThirdPerson/Content/__ExternalActors__/ThirdPerson/Lvl_ThirdPerson/B/2F/XTDQUHCYJJV6JCH4OJSVLG.uasset",
				"C:/Users/bulle/Documents/GitHub/Savith-Sensei/UE-3rdPerson-Character-Unarmed/BP_ThirdPerson/Content/__ExternalActors__/ThirdPerson/Lvl_ThirdPerson/B/0L/IL99N1JAI1J4A2DFQBQL53.uasset",
				"C:/Users/bulle/Documents/GitHub/Savith-Sensei/UE-3rdPerson-Character-Unarmed/BP_ThirdPerson/Content/__ExternalActors__/ThirdPerson/Lvl_ThirdPerson/A/IP/MGVQPE8M923OBBJLZBI1PC.uasset",
				"C:/Users/bulle/Documents/GitHub/Savith-Sensei/UE-3rdPerson-Character-Unarmed/BP_ThirdPerson/Content/__ExternalActors__/ThirdPerson/Lvl_ThirdPerson/A/BN/LKN4IB4C3UPW62GHBEKTIW.uasset",
				"C:/Users/bulle/Documents/GitHub/Savith-Sensei/UE-3rdPerson-Character-Unarmed/BP_ThirdPerson/Content/__ExternalActors__/ThirdPerson/Lvl_ThirdPerson/A/8N/4L4W0MLV9WFUGRTMUBLBOP.uasset",
				"C:/Users/bulle/Documents/GitHub/Savith-Sensei/UE-3rdPerson-Character-Unarmed/BP_ThirdPerson/Content/__ExternalActors__/ThirdPerson/Lvl_ThirdPerson/A/3J/Q8CQM512VVS7UZZW0KQRSV.uasset",
				"C:/Users/bulle/Documents/GitHub/Savith-Sensei/UE-3rdPerson-Character-Unarmed/BP_ThirdPerson/Content/__ExternalActors__/ThirdPerson/Lvl_ThirdPerson/9/UM/1F7R5WQFM2D9KH7A94JFBU.uasset",
				"C:/Users/bulle/Documents/GitHub/Savith-Sensei/UE-3rdPerson-Character-Unarmed/BP_ThirdPerson/Content/__ExternalActors__/ThirdPerson/Lvl_ThirdPerson/9/LX/1K6D4FIEJMOF50LSVJKFMP.uasset",
				"C:/Users/bulle/Documents/GitHub/Savith-Sensei/UE-3rdPerson-Character-Unarmed/BP_ThirdPerson/Content/__ExternalActors__/ThirdPerson/Lvl_ThirdPerson/9/EE/OCR348BHEJWLHO72TR249H.uasset",
				"C:/Users/bulle/Documents/GitHub/Savith-Sensei/UE-3rdPerson-Character-Unarmed/BP_ThirdPerson/Content/__ExternalActors__/ThirdPerson/Lvl_ThirdPerson/9/6V/AV0JKCFBVPU58UEBGB0GC0.uasset",
				"C:/Users/bulle/Documents/GitHub/Savith-Sensei/UE-3rdPerson-Character-Unarmed/BP_ThirdPerson/Content/__ExternalActors__/ThirdPerson/Lvl_ThirdPerson/9/5G/29Z6AXUGZPZ0CXHLK2DICG.uasset",
				"C:/Users/bulle/Documents/GitHub/Savith-Sensei/UE-3rdPerson-Character-Unarmed/BP_ThirdPerson/Content/__ExternalActors__/ThirdPerson/Lvl_ThirdPerson/8/XH/SKCKQTQDTE8ZNW6C0FCBRO.uasset",
				"C:/Users/bulle/Documents/GitHub/Savith-Sensei/UE-3rdPerson-Character-Unarmed/BP_ThirdPerson/Content/__ExternalActors__/ThirdPerson/Lvl_ThirdPerson/8/WI/FHUVUALB8C8XRJ0PY9XXTI.uasset",
				"C:/Users/bulle/Documents/GitHub/Savith-Sensei/UE-3rdPerson-Character-Unarmed/BP_ThirdPerson/Content/__ExternalActors__/ThirdPerson/Lvl_ThirdPerson/8/VS/XX060WNO6GEZU5BZQCLZPP.uasset",
				"C:/Users/bulle/Documents/GitHub/Savith-Sensei/UE-3rdPerson-Character-Unarmed/BP_ThirdPerson/Content/__ExternalActors__/ThirdPerson/Lvl_ThirdPerson/8/HN/XXZLD30WH49IXWEHJXSVAR.uasset",
				"C:/Users/bulle/Documents/GitHub/Savith-Sensei/UE-3rdPerson-Character-Unarmed/BP_ThirdPerson/Content/__ExternalActors__/ThirdPerson/Lvl_ThirdPerson/8/7A/C0UVMH95QVQO1KMTVK7MSB.uasset",
				"C:/Users/bulle/Documents/GitHub/Savith-Sensei/UE-3rdPerson-Character-Unarmed/BP_ThirdPerson/Content/__ExternalActors__/ThirdPerson/Lvl_ThirdPerson/8/0N/1OONKTGJMLVBN21M6JE59I.uasset",
				"C:/Users/bulle/Documents/GitHub/Savith-Sensei/UE-3rdPerson-Character-Unarmed/BP_ThirdPerson/Content/__ExternalActors__/ThirdPerson/Lvl_ThirdPerson/7/XU/RW3P9HUUCOCG5TL3TPG6XF.uasset",
				"C:/Users/bulle/Documents/GitHub/Savith-Sensei/UE-3rdPerson-Character-Unarmed/BP_ThirdPerson/Content/__ExternalActors__/ThirdPerson/Lvl_ThirdPerson/7/O7/IHUOIGG1MW1YZY097JJ8O7.uasset",
				"C:/Users/bulle/Documents/GitHub/Savith-Sensei/UE-3rdPerson-Character-Unarmed/BP_ThirdPerson/Content/__ExternalActors__/ThirdPerson/Lvl_ThirdPerson/7/JD/OCW0UZT4ANZZD9YHEAOMAP.uasset",
				"C:/Users/bulle/Documents/GitHub/Savith-Sensei/UE-3rdPerson-Character-Unarmed/BP_ThirdPerson/Content/__ExternalActors__/ThirdPerson/Lvl_ThirdPerson/7/GV/W5DNM2FP1ON7VGU0C2BGMV.uasset",
				"C:/Users/bulle/Documents/GitHub/Savith-Sensei/UE-3rdPerson-Character-Unarmed/BP_ThirdPerson/Content/__ExternalActors__/ThirdPerson/Lvl_ThirdPerson/6/YB/C5UDZYKFL5M0YW62JXMPIZ.uasset",
				"C:/Users/bulle/Documents/GitHub/Savith-Sensei/UE-3rdPerson-Character-Unarmed/BP_ThirdPerson/Content/__ExternalActors__/ThirdPerson/Lvl_ThirdPerson/6/XM/SN8KJL01L24VVIYC52MNFR.uasset",
				"C:/Users/bulle/Documents/GitHub/Savith-Sensei/UE-3rdPerson-Character-Unarmed/BP_ThirdPerson/Content/__ExternalActors__/ThirdPerson/Lvl_ThirdPerson/6/UK/OT5UOZ3WBJ9P30TU3DBDEK.uasset",
				"C:/Users/bulle/Documents/GitHub/Savith-Sensei/UE-3rdPerson-Character-Unarmed/BP_ThirdPerson/Content/__ExternalActors__/ThirdPerson/Lvl_ThirdPerson/6/G9/77SUGCMHUBU5E7FP1DLCVD.uasset",
				"C:/Users/bulle/Documents/GitHub/Savith-Sensei/UE-3rdPerson-Character-Unarmed/BP_ThirdPerson/Content/__ExternalActors__/ThirdPerson/Lvl_ThirdPerson/6/8I/HFL05AWIVBP8M8UXTV4H5K.uasset",
				"C:/Users/bulle/Documents/GitHub/Savith-Sensei/UE-3rdPerson-Character-Unarmed/BP_ThirdPerson/Content/__ExternalActors__/ThirdPerson/Lvl_ThirdPerson/6/3C/KAT90QYQLFOHNMOF9BEDZK.uasset",
				"C:/Users/bulle/Documents/GitHub/Savith-Sensei/UE-3rdPerson-Character-Unarmed/BP_ThirdPerson/Content/__ExternalActors__/ThirdPerson/Lvl_ThirdPerson/5/W9/ZAAGYIUQZ2W6WEO3HPXAX7.uasset",
				"C:/Users/bulle/Documents/GitHub/Savith-Sensei/UE-3rdPerson-Character-Unarmed/BP_ThirdPerson/Content/__ExternalActors__/ThirdPerson/Lvl_ThirdPerson/5/KG/ETKAO35ANVW90XFH3J8GJ2.uasset",
				"C:/Users/bulle/Documents/GitHub/Savith-Sensei/UE-3rdPerson-Character-Unarmed/BP_ThirdPerson/Content/__ExternalActors__/ThirdPerson/Lvl_ThirdPerson/5/9M/BJR5SDQDQW7QDFFPNUUMNX.uasset",
				"C:/Users/bulle/Documents/GitHub/Savith-Sensei/UE-3rdPerson-Character-Unarmed/BP_ThirdPerson/Content/__ExternalActors__/ThirdPerson/Lvl_ThirdPerson/5/25/3IO0LF8AOO4YLSEAEN2JO1.uasset",
				"C:/Users/bulle/Documents/GitHub/Savith-Sensei/UE-3rdPerson-Character-Unarmed/BP_ThirdPerson/Content/__ExternalActors__/ThirdPerson/Lvl_ThirdPerson/4/CQ/I205QOSSXONYWBP69RVMVA.uasset",
				"C:/Users/bulle/Documents/GitHub/Savith-Sensei/UE-3rdPerson-Character-Unarmed/BP_ThirdPerson/Content/__ExternalActors__/ThirdPerson/Lvl_ThirdPerson/3/L5/790AP8RYBMX9YBLGTW6WE6.uasset",
				"C:/Users/bulle/Documents/GitHub/Savith-Sensei/UE-3rdPerson-Character-Unarmed/BP_ThirdPerson/Content/__ExternalActors__/ThirdPerson/Lvl_ThirdPerson/3/E2/L159AMTR83MORHTF2GEOKE.uasset",
				"C:/Users/bulle/Documents/GitHub/Savith-Sensei/UE-3rdPerson-Character-Unarmed/BP_ThirdPerson/Content/__ExternalActors__/ThirdPerson/Lvl_ThirdPerson/3/D3/XWEMBL7KZTNQP83W1KTMXE.uasset",
				"C:/Users/bulle/Documents/GitHub/Savith-Sensei/UE-3rdPerson-Character-Unarmed/BP_ThirdPerson/Content/__ExternalActors__/ThirdPerson/Lvl_ThirdPerson/3/C5/3LNK9WKCBL4YVMWIBXQZ1I.uasset",
				"C:/Users/bulle/Documents/GitHub/Savith-Sensei/UE-3rdPerson-Character-Unarmed/BP_ThirdPerson/Content/__ExternalActors__/ThirdPerson/Lvl_ThirdPerson/3/0N/NTRPN55OWWUSD03K29ZOSH.uasset",
				"C:/Users/bulle/Documents/GitHub/Savith-Sensei/UE-3rdPerson-Character-Unarmed/BP_ThirdPerson/Content/__ExternalActors__/ThirdPerson/Lvl_ThirdPerson/2/V0/9XTUAMN5S6UUCFB5K0ZGZM.uasset",
				"C:/Users/bulle/Documents/GitHub/Savith-Sensei/UE-3rdPerson-Character-Unarmed/BP_ThirdPerson/Content/__ExternalActors__/ThirdPerson/Lvl_ThirdPerson/2/TV/DYUIEBPX2N8UFXT326WX2O.uasset",
				"C:/Users/bulle/Documents/GitHub/Savith-Sensei/UE-3rdPerson-Character-Unarmed/BP_ThirdPerson/Content/__ExternalActors__/ThirdPerson/Lvl_ThirdPerson/2/AX/QEPSHOMS1K2ANUR3LXWOJM.uasset",
				"C:/Users/bulle/Documents/GitHub/Savith-Sensei/UE-3rdPerson-Character-Unarmed/BP_ThirdPerson/Content/__ExternalActors__/ThirdPerson/Lvl_ThirdPerson/2/AM/9YGDW7FMEY1CZD31VUYO11.uasset",
				"C:/Users/bulle/Documents/GitHub/Savith-Sensei/UE-3rdPerson-Character-Unarmed/BP_ThirdPerson/Content/__ExternalActors__/ThirdPerson/Lvl_ThirdPerson/1/X5/JDOWWCJ7DZVSHT4Y29GQ4D.uasset",
				"C:/Users/bulle/Documents/GitHub/Savith-Sensei/UE-3rdPerson-Character-Unarmed/BP_ThirdPerson/Content/__ExternalActors__/ThirdPerson/Lvl_ThirdPerson/1/MV/2U2IE6JXO1320Q32RJQKSE.uasset",
				"C:/Users/bulle/Documents/GitHub/Savith-Sensei/UE-3rdPerson-Character-Unarmed/BP_ThirdPerson/Content/__ExternalActors__/ThirdPerson/Lvl_ThirdPerson/1/KL/UYSRPQ5SOYIFVLEQINPH31.uasset",
				"C:/Users/bulle/Documents/GitHub/Savith-Sensei/UE-3rdPerson-Character-Unarmed/BP_ThirdPerson/Content/__ExternalActors__/ThirdPerson/Lvl_ThirdPerson/1/K3/79QZQ7KG2RXNWMD6RSPKUM.uasset",
				"C:/Users/bulle/Documents/GitHub/Savith-Sensei/UE-3rdPerson-Character-Unarmed/BP_ThirdPerson/Content/__ExternalActors__/ThirdPerson/Lvl_ThirdPerson/1/EU/X5MT1GOX9C5UUGZAKRVC3R.uasset",
				"C:/Users/bulle/Documents/GitHub/Savith-Sensei/UE-3rdPerson-Character-Unarmed/BP_ThirdPerson/Content/__ExternalActors__/ThirdPerson/Lvl_ThirdPerson/0/9R/UKIMD8EYGPZFS8OC6GX24A.uasset",
				"C:/Users/bulle/Documents/GitHub/Savith-Sensei/UE-3rdPerson-Character-Unarmed/BP_ThirdPerson/Content/__ExternalObjects__/ThirdPerson/Lvl_ThirdPerson/5/TX/O6OLZU4WSCI3YRJS922SWL.uasset",
				"C:/Users/bulle/Documents/GitHub/Savith-Sensei/UE-3rdPerson-Character-Unarmed/BP_ThirdPerson/Content/__ExternalObjects__/ThirdPerson/Lvl_ThirdPerson/0/TQ/1UP2MCOIYXC0GTW985R4K0.uasset",
				"C:/Users/bulle/Documents/GitHub/Savith-Sensei/UE-3rdPerson-Character-Unarmed/BP_ThirdPerson/Content/__ExternalActors__/ThirdPerson/Lvl_ThirdPerson/D/RI/R8L7GQXCHQGMMKBPTBJTNA.uasset",
				"C:/Users/bulle/Documents/GitHub/Savith-Sensei/UE-3rdPerson-Character-Unarmed/BP_ThirdPerson/Content/ThirdPerson/Blueprints/BP_ThirdPersonPlayerController.uasset",
				"C:/Users/bulle/Documents/GitHub/Savith-Sensei/UE-3rdPerson-Character-Unarmed/BP_ThirdPerson/Content/ThirdPerson/Blueprints/BP_ThirdPersonGameMode.uasset",
				"C:/Users/bulle/Documents/GitHub/Savith-Sensei/UE-3rdPerson-Character-Unarmed/BP_ThirdPerson/Content/ThirdPerson/Lvl_ThirdPerson.umap",
				"C:/Users/bulle/Documents/GitHub/Savith-Sensei/UE-3rdPerson-Character-Unarmed/BP_ThirdPerson/Content/ThirdPerson/Blueprints/BP_ThirdPersonCharacter.uasset",
				"C:/Users/bulle/Documents/GitHub/Savith-Sensei/UE-3rdPerson-Character-Unarmed/BP_ThirdPerson/Content/Input/Touch/BPI_TouchInterface.uasset",
				"C:/Users/bulle/Documents/GitHub/Savith-Sensei/UE-3rdPerson-Character-Unarmed/BP_ThirdPerson/Content/Input/Actions/IA_Jump.uasset",
				"C:/Users/bulle/Documents/GitHub/Savith-Sensei/UE-3rdPerson-Character-Unarmed/BP_ThirdPerson/Content/Input/Actions/IA_Look.uasset",
				"C:/Users/bulle/Documents/GitHub/Savith-Sensei/UE-3rdPerson-Character-Unarmed/BP_ThirdPerson/Content/Input/Actions/IA_MouseLook.uasset",
				"C:/Users/bulle/Documents/GitHub/Savith-Sensei/UE-3rdPerson-Character-Unarmed/BP_ThirdPerson/Content/Input/Actions/IA_Move.uasset",
				"C:/Users/bulle/Documents/GitHub/Savith-Sensei/UE-3rdPerson-Character-Unarmed/BP_ThirdPerson/Content/Input/IMC_Default.uasset",
				"C:/Users/bulle/Documents/GitHub/Savith-Sensei/UE-3rdPerson-Character-Unarmed/BP_ThirdPerson/Content/Input/IMC_MouseLook.uasset",
				"C:/Users/bulle/Documents/GitHub/Savith-Sensei/UE-3rdPerson-Character-Unarmed/BP_ThirdPerson/Content/Input/Touch/UI_Thumbstick.uasset",
				"C:/Users/bulle/Documents/GitHub/Savith-Sensei/UE-3rdPerson-Character-Unarmed/BP_ThirdPerson/Content/Input/Touch/UI_TouchSimple.uasset",
				"C:/Users/bulle/Documents/GitHub/Savith-Sensei/UE-3rdPerson-Character-Unarmed/BP_ThirdPerson/Content/LevelPrototyping/Interactable/Target/Assets/SM_TargetBaseMesh.uasset",
				"C:/Users/bulle/Documents/GitHub/Savith-Sensei/UE-3rdPerson-Character-Unarmed/BP_ThirdPerson/Content/LevelPrototyping/Interactable/Target/BP_WobbleTarget.uasset",
				"C:/Users/bulle/Documents/GitHub/Savith-Sensei/UE-3rdPerson-Character-Unarmed/BP_ThirdPerson/Content/LevelPrototyping/Interactable/JumpPad/Assets/Materials/M_SimpleGlow.uasset",
				"C:/Users/bulle/Documents/GitHub/Savith-Sensei/UE-3rdPerson-Character-Unarmed/BP_ThirdPerson/Content/LevelPrototyping/Interactable/JumpPad/Assets/Materials/M_GradientGlow.uasset",
				"C:/Users/bulle/Documents/GitHub/Savith-Sensei/UE-3rdPerson-Character-Unarmed/BP_ThirdPerson/Content/LevelPrototyping/Interactable/JumpPad/Assets/Materials/MI_GlowNT.uasset",
				"C:/Users/bulle/Documents/GitHub/Savith-Sensei/UE-3rdPerson-Character-Unarmed/BP_ThirdPerson/Content/LevelPrototyping/Interactable/JumpPad/Assets/Meshes/SM_CircularGlow.uasset",
				"C:/Users/bulle/Documents/GitHub/Savith-Sensei/UE-3rdPerson-Character-Unarmed/BP_ThirdPerson/Content/LevelPrototyping/Interactable/JumpPad/Assets/Meshes/SM_CircularBand.uasset",
				"C:/Users/bulle/Documents/GitHub/Savith-Sensei/UE-3rdPerson-Character-Unarmed/BP_ThirdPerson/Content/LevelPrototyping/Interactable/JumpPad/Assets/NS_JumpPad.uasset",
				"C:/Users/bulle/Documents/GitHub/Savith-Sensei/UE-3rdPerson-Character-Unarmed/BP_ThirdPerson/Content/LevelPrototyping/Interactable/JumpPad/BP_JumpPad.uasset",
				"C:/Users/bulle/Documents/GitHub/Savith-Sensei/UE-3rdPerson-Character-Unarmed/BP_ThirdPerson/Content/LevelPrototyping/Interactable/Door/Assets/Meshes/SM_DoorFrame_Edge.uasset",
				"C:/Users/bulle/Documents/GitHub/Savith-Sensei/UE-3rdPerson-Character-Unarmed/BP_ThirdPerson/Content/LevelPrototyping/Interactable/Door/Assets/Meshes/SM_DoorFrame_Corner.uasset",
				"C:/Users/bulle/Documents/GitHub/Savith-Sensei/UE-3rdPerson-Character-Unarmed/BP_ThirdPerson/Content/LevelPrototyping/Interactable/Door/Assets/Meshes/SM_Door.uasset",
				"C:/Users/bulle/Documents/GitHub/Savith-Sensei/UE-3rdPerson-Character-Unarmed/BP_ThirdPerson/Content/LevelPrototyping/Interactable/Door/BP_DoorFrame.uasset",
				"C:/Users/bulle/Documents/GitHub/Savith-Sensei/UE-3rdPerson-Character-Unarmed/BP_ThirdPerson/Content/LevelPrototyping/Meshes/SM_ChamferCube.uasset",
				"C:/Users/bulle/Documents/GitHub/Savith-Sensei/UE-3rdPerson-Character-Unarmed/BP_ThirdPerson/Content/LevelPrototyping/Materials/MI_PrototypeGrid_TopDark.uasset",
				"C:/Users/bulle/Documents/GitHub/Savith-Sensei/UE-3rdPerson-Character-Unarmed/BP_ThirdPerson/Content/LevelPrototyping/Materials/MI_PrototypeGrid_Gray_02.uasset",
				"C:/Users/bulle/Documents/GitHub/Savith-Sensei/UE-3rdPerson-Character-Unarmed/BP_ThirdPerson/Content/LevelPrototyping/Materials/M_FlatCol.uasset",
				"C:/Users/bulle/Documents/GitHub/Savith-Sensei/UE-3rdPerson-Character-Unarmed/BP_ThirdPerson/Content/LevelPrototyping/Materials/MI_DefaultColorway.uasset",
				"C:/Users/bulle/Documents/GitHub/Savith-Sensei/UE-3rdPerson-Character-Unarmed/BP_ThirdPerson/Content/LevelPrototyping/Textures/T_GridChecker_A.uasset",
				"C:/Users/bulle/Documents/GitHub/Savith-Sensei/UE-3rdPerson-Character-Unarmed/BP_ThirdPerson/Content/LevelPrototyping/Materials/MF_ProcGrid.uasset",
				"C:/Users/bulle/Documents/GitHub/Savith-Sensei/UE-3rdPerson-Character-Unarmed/BP_ThirdPerson/Content/LevelPrototyping/Materials/M_PrototypeGrid.uasset",
				"C:/Users/bulle/Documents/GitHub/Savith-Sensei/UE-3rdPerson-Character-Unarmed/BP_ThirdPerson/Content/LevelPrototyping/Materials/MI_PrototypeGrid_Gray.uasset",
				"C:/Users/bulle/Documents/GitHub/Savith-Sensei/UE-3rdPerson-Character-Unarmed/BP_ThirdPerson/Content/LevelPrototyping/Meshes/SM_Cube.uasset",
				"C:/Users/bulle/Documents/GitHub/Savith-Sensei/UE-3rdPerson-Character-Unarmed/BP_ThirdPerson/Content/LevelPrototyping/Meshes/SM_Ramp.uasset",
				"C:/Users/bulle/Documents/GitHub/Savith-Sensei/UE-3rdPerson-Character-Unarmed/BP_ThirdPerson/Content/LevelPrototyping/Meshes/SM_Cylinder.uasset",
				"C:/Users/bulle/Documents/GitHub/Savith-Sensei/UE-3rdPerson-Character-Unarmed/BP_ThirdPerson/Content/LevelPrototyping/Meshes/SM_QuarterCylinder.uasset",
				"C:/Users/bulle/Documents/GitHub/Savith-Sensei/UE-3rdPerson-Character-Unarmed/BP_ThirdPerson/Content/Characters/Mannequins/Anims/Unarmed/BS_Idle_Walk_Run.uasset",
				"C:/Users/bulle/Documents/GitHub/Savith-Sensei/UE-3rdPerson-Character-Unarmed/BP_ThirdPerson/Content/Characters/Mannequins/Anims/Unarmed/ABP_Unarmed.uasset",
				"C:/Users/bulle/Documents/GitHub/Savith-Sensei/UE-3rdPerson-Character-Unarmed/BP_ThirdPerson/Content/Characters/Mannequins/Anims/Unarmed/Crouch/MM_Unarmed_Crouch_Walk_Right.uasset",
				"C:/Users/bulle/Documents/GitHub/Savith-Sensei/UE-3rdPerson-Character-Unarmed/BP_ThirdPerson/Content/Characters/Mannequins/Anims/Unarmed/Crouch/MM_Unarmed_Crouch_Walk_Left.uasset",
				"C:/Users/bulle/Documents/GitHub/Savith-Sensei/UE-3rdPerson-Character-Unarmed/BP_ThirdPerson/Content/Characters/Mannequins/Anims/Unarmed/Crouch/MM_Unarmed_Crouch_Idle.uasset",
				"C:/Users/bulle/Documents/GitHub/Savith-Sensei/UE-3rdPerson-Character-Unarmed/BP_ThirdPerson/Content/Characters/Mannequins/Anims/Unarmed/Crouch/MM_Unarmed_Crouch_Walk_Bwd.uasset",
				"C:/Users/bulle/Documents/GitHub/Savith-Sensei/UE-3rdPerson-Character-Unarmed/BP_ThirdPerson/Content/Characters/Mannequins/Anims/Unarmed/Crouch/MM_Unarmed_Crouch_Walk_Fwd.uasset",
				"C:/Users/bulle/Documents/GitHub/Savith-Sensei/UE-3rdPerson-Character-Unarmed/BP_ThirdPerson/Content/PhysicsMaterials/PM_Character.uasset",
				"C:/Users/bulle/Documents/GitHub/Savith-Sensei/UE-3rdPerson-Character-Unarmed/BP_ThirdPerson/Content/Effects/MaterialFunctions/MF_MannequinEdge.uasset",
				"C:/Users/bulle/Documents/GitHub/Savith-Sensei/UE-3rdPerson-Character-Unarmed/BP_ThirdPerson/Content/Effects/Textures/General/squares.uasset",
				"C:/Users/bulle/Documents/GitHub/Savith-Sensei/UE-3rdPerson-Character-Unarmed/BP_ThirdPerson/Content/Effects/MaterialFunctions/MF_MannequinLaunchEdgeGlow.uasset",
				"C:/Users/bulle/Documents/GitHub/Savith-Sensei/UE-3rdPerson-Character-Unarmed/BP_ThirdPerson/Content/Effects/MaterialFunctions/MF_MannequinHitMacro.uasset",
				"C:/Users/bulle/Documents/GitHub/Savith-Sensei/UE-3rdPerson-Character-Unarmed/BP_ThirdPerson/Content/Effects/AnimationNotifies/AN_FootPlant_Left.uasset",
				"C:/Users/bulle/Documents/GitHub/Savith-Sensei/UE-3rdPerson-Character-Unarmed/BP_ThirdPerson/Content/Effects/AnimationNotifies/AN_FootPlant_Right.uasset",
				"C:/Users/bulle/Documents/GitHub/Savith-Sensei/UE-3rdPerson-Character-Unarmed/BP_ThirdPerson/Content/Characters/Heroes/PhysMat_Player_WeakSpot.uasset",
				"C:/Users/bulle/Documents/GitHub/Savith-Sensei/UE-3rdPerson-Character-Unarmed/BP_ThirdPerson/Content/Characters/Heroes/PhysMat_Player.uasset",
				"C:/Users/bulle/Documents/GitHub/Savith-Sensei/UE-3rdPerson-Character-Unarmed/BP_ThirdPerson/Content/Characters/Heroes/Mannequin/Animations/Locomotion/Unarmed/MM_Unarmed_Crouch_Idle.uasset",
				"C:/Users/bulle/Documents/GitHub/Savith-Sensei/UE-3rdPerson-Character-Unarmed/BP_ThirdPerson/Content/Characters/Heroes/Mannequin/Animations/AnimModifiers/FootFXAnimModifier.uasset",
				"C:/Users/bulle/Documents/GitHub/Savith-Sensei/UE-3rdPerson-Character-Unarmed/BP_ThirdPerson/Content/Characters/Heroes/Mannequin/Materials/Instances/Manny/MI_Manny_01_Blue.uasset",
				"C:/Users/bulle/Documents/GitHub/Savith-Sensei/UE-3rdPerson-Character-Unarmed/BP_ThirdPerson/Content/Characters/Heroes/Mannequin/Materials/Instances/Manny/MI_Manny_02_Blue.uasset",
				"C:/Users/bulle/Documents/GitHub/Savith-Sensei/UE-3rdPerson-Character-Unarmed/BP_ThirdPerson/Content/Characters/Heroes/Mannequin/Materials/M_Mannequin.uasset",
				"C:/Users/bulle/Documents/GitHub/Savith-Sensei/UE-3rdPerson-Character-Unarmed/BP_ThirdPerson/Content/Characters/Heroes/Mannequin/Animations/Locomotion/Unarmed/MM_Unarmed_Crouch_Walk_Bwd.uasset",
				"C:/Users/bulle/Documents/GitHub/Savith-Sensei/UE-3rdPerson-Character-Unarmed/BP_ThirdPerson/Content/Characters/Heroes/Mannequin/Animations/AnimModifiers/FootstepEffectTagModifier.uasset",
				"C:/Users/bulle/Documents/GitHub/Savith-Sensei/UE-3rdPerson-Character-Unarmed/BP_ThirdPerson/Content/Characters/Heroes/Mannequin/Animations/Locomotion/Unarmed/MM_Unarmed_Crouch_Walk_Fwd.uasset",
				"C:/Users/bulle/Documents/GitHub/Savith-Sensei/UE-3rdPerson-Character-Unarmed/BP_ThirdPerson/Content/Characters/Heroes/Mannequin/Animations/Locomotion/Unarmed/MM_Unarmed_Crouch_Walk_Left.uasset",
				"C:/Users/bulle/Documents/GitHub/Savith-Sensei/UE-3rdPerson-Character-Unarmed/BP_ThirdPerson/Content/Characters/Heroes/Mannequin/Animations/Locomotion/Unarmed/MM_Unarmed_Crouch_Walk_Right.uasset",
				"C:/Users/bulle/Documents/GitHub/Savith-Sensei/UE-3rdPerson-Character-Unarmed/BP_ThirdPerson/Content/Characters/Heroes/Mannequin/Animations/AnimModifiers/FootFXAnimModifier_FootDefinition.uasset",
				"C:/Users/bulle/Documents/GitHub/Savith-Sensei/UE-3rdPerson-Character-Unarmed/BP_ThirdPerson/Content/Characters/Heroes/Mannequin/Rig/Poses/Quinn/Quinn_calf_l_anim.uasset",
				"C:/Users/bulle/Documents/GitHub/Savith-Sensei/UE-3rdPerson-Character-Unarmed/BP_ThirdPerson/Content/Characters/Heroes/Mannequin/Rig/Poses/Quinn/Quinn_calf_l_pose.uasset",
				"C:/Users/bulle/Documents/GitHub/Savith-Sensei/UE-3rdPerson-Character-Unarmed/BP_ThirdPerson/Content/Characters/Heroes/Mannequin/Rig/Poses/Quinn/Quinn_calf_r_anim.uasset",
				"C:/Users/bulle/Documents/GitHub/Savith-Sensei/UE-3rdPerson-Character-Unarmed/BP_ThirdPerson/Content/Characters/Heroes/Mannequin/Rig/Poses/Quinn/Quinn_calf_r_pose.uasset",
				"C:/Users/bulle/Documents/GitHub/Savith-Sensei/UE-3rdPerson-Character-Unarmed/BP_ThirdPerson/Content/Characters/Heroes/Mannequin/Rig/Poses/Quinn/Quinn_clavicle_l_anim.uasset",
				"C:/Users/bulle/Documents/GitHub/Savith-Sensei/UE-3rdPerson-Character-Unarmed/BP_ThirdPerson/Content/Characters/Heroes/Mannequin/Rig/Poses/Quinn/Quinn_clavicle_l_pose.uasset",
				"C:/Users/bulle/Documents/GitHub/Savith-Sensei/UE-3rdPerson-Character-Unarmed/BP_ThirdPerson/Content/Characters/Heroes/Mannequin/Rig/Poses/Quinn/Quinn_clavicle_r_anim.uasset",
				"C:/Users/bulle/Documents/GitHub/Savith-Sensei/UE-3rdPerson-Character-Unarmed/BP_ThirdPerson/Content/Characters/Heroes/Mannequin/Rig/Poses/Quinn/Quinn_clavicle_r_pose.uasset",
				"C:/Users/bulle/Documents/GitHub/Savith-Sensei/UE-3rdPerson-Character-Unarmed/BP_ThirdPerson/Content/Characters/Heroes/Mannequin/Rig/Poses/Quinn/Quinn_foot_l_anim.uasset",
				"C:/Users/bulle/Documents/GitHub/Savith-Sensei/UE-3rdPerson-Character-Unarmed/BP_ThirdPerson/Content/Characters/Heroes/Mannequin/Rig/Poses/Quinn/Quinn_foot_l_pose.uasset",
				"C:/Users/bulle/Documents/GitHub/Savith-Sensei/UE-3rdPerson-Character-Unarmed/BP_ThirdPerson/Content/Characters/Heroes/Mannequin/Rig/Poses/Quinn/Quinn_foot_r_anim.uasset",
				"C:/Users/bulle/Documents/GitHub/Savith-Sensei/UE-3rdPerson-Character-Unarmed/BP_ThirdPerson/Content/Characters/Heroes/Mannequin/Rig/Poses/Quinn/Quinn_foot_r_pose.uasset",
				"C:/Users/bulle/Documents/GitHub/Savith-Sensei/UE-3rdPerson-Character-Unarmed/BP_ThirdPerson/Content/Characters/Heroes/Mannequin/Rig/Poses/Quinn/Quinn_hand_l_anim.uasset",
				"C:/Users/bulle/Documents/GitHub/Savith-Sensei/UE-3rdPerson-Character-Unarmed/BP_ThirdPerson/Content/Characters/Heroes/Mannequin/Rig/Poses/Quinn/Quinn_hand_l_pose.uasset",
				"C:/Users/bulle/Documents/GitHub/Savith-Sensei/UE-3rdPerson-Character-Unarmed/BP_ThirdPerson/Content/Characters/Heroes/Mannequin/Rig/Poses/Quinn/Quinn_hand_r_anim.uasset",
				"C:/Users/bulle/Documents/GitHub/Savith-Sensei/UE-3rdPerson-Character-Unarmed/BP_ThirdPerson/Content/Characters/Heroes/Mannequin/Rig/Poses/Quinn/Quinn_hand_r_pose.uasset",
				"C:/Users/bulle/Documents/GitHub/Savith-Sensei/UE-3rdPerson-Character-Unarmed/BP_ThirdPerson/Content/Characters/Heroes/Mannequin/Rig/Poses/Quinn/Quinn_lowerarm_l_anim.uasset",
				"C:/Users/bulle/Documents/GitHub/Savith-Sensei/UE-3rdPerson-Character-Unarmed/BP_ThirdPerson/Content/Characters/Heroes/Mannequin/Rig/Poses/Quinn/Quinn_lowerarm_l_pose.uasset",
				"C:/Users/bulle/Documents/GitHub/Savith-Sensei/UE-3rdPerson-Character-Unarmed/BP_ThirdPerson/Content/Characters/Heroes/Mannequin/Rig/Poses/Quinn/Quinn_lowerarm_r_anim.uasset",
				"C:/Users/bulle/Documents/GitHub/Savith-Sensei/UE-3rdPerson-Character-Unarmed/BP_ThirdPerson/Content/Characters/Heroes/Mannequin/Rig/Poses/Quinn/Quinn_lowerarm_r_pose.uasset",
				"C:/Users/bulle/Documents/GitHub/Savith-Sensei/UE-3rdPerson-Character-Unarmed/BP_ThirdPerson/Content/Characters/Heroes/Mannequin/Rig/Poses/Quinn/Quinn_thigh_l_anim.uasset",
				"C:/Users/bulle/Documents/GitHub/Savith-Sensei/UE-3rdPerson-Character-Unarmed/BP_ThirdPerson/Content/Characters/Heroes/Mannequin/Rig/Poses/Quinn/Quinn_thigh_l_pose.uasset",
				"C:/Users/bulle/Documents/GitHub/Savith-Sensei/UE-3rdPerson-Character-Unarmed/BP_ThirdPerson/Content/Characters/Heroes/Mannequin/Rig/Poses/Quinn/Quinn_thigh_r_anim.uasset",
				"C:/Users/bulle/Documents/GitHub/Savith-Sensei/UE-3rdPerson-Character-Unarmed/BP_ThirdPerson/Content/Characters/Heroes/Mannequin/Rig/Poses/Quinn/Quinn_thigh_r_pose.uasset",
				"C:/Users/bulle/Documents/GitHub/Savith-Sensei/UE-3rdPerson-Character-Unarmed/BP_ThirdPerson/Content/Characters/Heroes/Mannequin/Rig/Poses/Quinn/Quinn_upperarm_l_anim.uasset",
				"C:/Users/bulle/Documents/GitHub/Savith-Sensei/UE-3rdPerson-Character-Unarmed/BP_ThirdPerson/Content/Characters/Heroes/Mannequin/Rig/Poses/Quinn/Quinn_upperarm_l_pose.uasset",
				"C:/Users/bulle/Documents/GitHub/Savith-Sensei/UE-3rdPerson-Character-Unarmed/BP_ThirdPerson/Content/Characters/Heroes/Mannequin/Rig/Poses/Quinn/Quinn_upperarm_r_anim.uasset",
				"C:/Users/bulle/Documents/GitHub/Savith-Sensei/UE-3rdPerson-Character-Unarmed/BP_ThirdPerson/Content/Characters/Heroes/Mannequin/Rig/Poses/Quinn/Quinn_upperarm_r_pose.uasset",
				"C:/Users/bulle/Documents/GitHub/Savith-Sensei/UE-3rdPerson-Character-Unarmed/BP_ThirdPerson/Content/Characters/Heroes/Mannequin/Rig/ABP_Quinn_PostProcess.uasset",
				"C:/Users/bulle/Documents/GitHub/Savith-Sensei/UE-3rdPerson-Character-Unarmed/BP_ThirdPerson/Content/Characters/Heroes/Mannequin/Rig/ABP_Manny_PostProcess.uasset",
				"C:/Users/bulle/Documents/GitHub/Savith-Sensei/UE-3rdPerson-Character-Unarmed/BP_ThirdPerson/Content/Characters/Heroes/Mannequin/Rig/Poses/Manny/Manny_upperarm_r_pose.uasset",
				"C:/Users/bulle/Documents/GitHub/Savith-Sensei/UE-3rdPerson-Character-Unarmed/BP_ThirdPerson/Content/Characters/Heroes/Mannequin/Rig/Poses/Manny/Manny_upperarm_r_anim.uasset",
				"C:/Users/bulle/Documents/GitHub/Savith-Sensei/UE-3rdPerson-Character-Unarmed/BP_ThirdPerson/Content/Characters/Heroes/Mannequin/Rig/Poses/Manny/Manny_upperarm_l_pose.uasset",
				"C:/Users/bulle/Documents/GitHub/Savith-Sensei/UE-3rdPerson-Character-Unarmed/BP_ThirdPerson/Content/Characters/Heroes/Mannequin/Rig/Poses/Manny/Manny_upperarm_l_anim.uasset",
				"C:/Users/bulle/Documents/GitHub/Savith-Sensei/UE-3rdPerson-Character-Unarmed/BP_ThirdPerson/Content/Characters/Heroes/Mannequin/Rig/Poses/Manny/Manny_thigh_r_pose.uasset",
				"C:/Users/bulle/Documents/GitHub/Savith-Sensei/UE-3rdPerson-Character-Unarmed/BP_ThirdPerson/Content/Characters/Heroes/Mannequin/Rig/Poses/Manny/Manny_thigh_r_anim.uasset",
				"C:/Users/bulle/Documents/GitHub/Savith-Sensei/UE-3rdPerson-Character-Unarmed/BP_ThirdPerson/Content/Characters/Heroes/Mannequin/Rig/Poses/Manny/Manny_thigh_l_pose.uasset",
				"C:/Users/bulle/Documents/GitHub/Savith-Sensei/UE-3rdPerson-Character-Unarmed/BP_ThirdPerson/Content/Characters/Heroes/Mannequin/Rig/Poses/Manny/Manny_thigh_l_anim.uasset",
				"C:/Users/bulle/Documents/GitHub/Savith-Sensei/UE-3rdPerson-Character-Unarmed/BP_ThirdPerson/Content/Characters/Heroes/Mannequin/Rig/Poses/Manny/Manny_lowerarm_r_pose.uasset",
				"C:/Users/bulle/Documents/GitHub/Savith-Sensei/UE-3rdPerson-Character-Unarmed/BP_ThirdPerson/Content/Characters/Heroes/Mannequin/Rig/Poses/Manny/Manny_lowerarm_r_anim.uasset",
				"C:/Users/bulle/Documents/GitHub/Savith-Sensei/UE-3rdPerson-Character-Unarmed/BP_ThirdPerson/Content/Characters/Heroes/Mannequin/Rig/Poses/Manny/Manny_lowerarm_l_pose.uasset",
				"C:/Users/bulle/Documents/GitHub/Savith-Sensei/UE-3rdPerson-Character-Unarmed/BP_ThirdPerson/Content/Characters/Heroes/Mannequin/Rig/Poses/Manny/Manny_lowerarm_l_anim.uasset",
				"C:/Users/bulle/Documents/GitHub/Savith-Sensei/UE-3rdPerson-Character-Unarmed/BP_ThirdPerson/Content/Characters/Heroes/Mannequin/Rig/Poses/Manny/Manny_hand_r_pose.uasset",
				"C:/Users/bulle/Documents/GitHub/Savith-Sensei/UE-3rdPerson-Character-Unarmed/BP_ThirdPerson/Content/Characters/Heroes/Mannequin/Rig/Poses/Manny/Manny_hand_r_anim.uasset",
				"C:/Users/bulle/Documents/GitHub/Savith-Sensei/UE-3rdPerson-Character-Unarmed/BP_ThirdPerson/Content/Characters/Heroes/Mannequin/Rig/Poses/Manny/Manny_hand_l_pose.uasset",
				"C:/Users/bulle/Documents/GitHub/Savith-Sensei/UE-3rdPerson-Character-Unarmed/BP_ThirdPerson/Content/Characters/Heroes/Mannequin/Rig/Poses/Manny/Manny_hand_l_anim.uasset",
				"C:/Users/bulle/Documents/GitHub/Savith-Sensei/UE-3rdPerson-Character-Unarmed/BP_ThirdPerson/Content/Characters/Heroes/Mannequin/Rig/Poses/Manny/Manny_foot_r_pose.uasset",
				"C:/Users/bulle/Documents/GitHub/Savith-Sensei/UE-3rdPerson-Character-Unarmed/BP_ThirdPerson/Content/Characters/Heroes/Mannequin/Rig/Poses/Manny/Manny_foot_r_anim.uasset",
				"C:/Users/bulle/Documents/GitHub/Savith-Sensei/UE-3rdPerson-Character-Unarmed/BP_ThirdPerson/Content/Characters/Heroes/Mannequin/Rig/Poses/Manny/Manny_foot_l_pose.uasset",
				"C:/Users/bulle/Documents/GitHub/Savith-Sensei/UE-3rdPerson-Character-Unarmed/BP_ThirdPerson/Content/Characters/Heroes/Mannequin/Rig/Poses/Manny/Manny_foot_l_anim.uasset",
				"C:/Users/bulle/Documents/GitHub/Savith-Sensei/UE-3rdPerson-Character-Unarmed/BP_ThirdPerson/Content/Characters/Heroes/Mannequin/Rig/Poses/Manny/Manny_clavicle_r_pose.uasset",
				"C:/Users/bulle/Documents/GitHub/Savith-Sensei/UE-3rdPerson-Character-Unarmed/BP_ThirdPerson/Content/Characters/Heroes/Mannequin/Rig/Poses/Manny/Manny_clavicle_r_anim.uasset",
				"C:/Users/bulle/Documents/GitHub/Savith-Sensei/UE-3rdPerson-Character-Unarmed/BP_ThirdPerson/Content/Characters/Heroes/Mannequin/Rig/Poses/Manny/Manny_clavicle_l_pose.uasset",
				"C:/Users/bulle/Documents/GitHub/Savith-Sensei/UE-3rdPerson-Character-Unarmed/BP_ThirdPerson/Content/Characters/Heroes/Mannequin/Rig/Poses/Manny/Manny_clavicle_l_anim.uasset",
				"C:/Users/bulle/Documents/GitHub/Savith-Sensei/UE-3rdPerson-Character-Unarmed/BP_ThirdPerson/Content/Characters/Heroes/Mannequin/Rig/Poses/Manny/Manny_calf_r_pose.uasset",
				"C:/Users/bulle/Documents/GitHub/Savith-Sensei/UE-3rdPerson-Character-Unarmed/BP_ThirdPerson/Content/Characters/Heroes/Mannequin/Rig/Poses/Manny/Manny_calf_r_anim.uasset",
				"C:/Users/bulle/Documents/GitHub/Savith-Sensei/UE-3rdPerson-Character-Unarmed/BP_ThirdPerson/Content/Characters/Heroes/Mannequin/Rig/Poses/Manny/Manny_calf_l_pose.uasset",
				"C:/Users/bulle/Documents/GitHub/Savith-Sensei/UE-3rdPerson-Character-Unarmed/BP_ThirdPerson/Content/Characters/Heroes/Mannequin/Rig/Poses/Manny/Manny_calf_l_anim.uasset",
				"C:/Users/bulle/Documents/GitHub/Savith-Sensei/UE-3rdPerson-Character-Unarmed/BP_ThirdPerson/Content/Characters/Heroes/Mannequin/Rig/PA_Mannequin.uasset",
				"C:/Users/bulle/Documents/GitHub/Savith-Sensei/UE-3rdPerson-Character-Unarmed/BP_ThirdPerson/Content/Characters/Heroes/Mannequin/Meshes/SKM_Quinn.uasset",
				"C:/Users/bulle/Documents/GitHub/Savith-Sensei/UE-3rdPerson-Character-Unarmed/BP_ThirdPerson/Content/Characters/Heroes/Mannequin/Meshes/SKM_Manny.uasset",
				"C:/Users/bulle/Documents/GitHub/Savith-Sensei/UE-3rdPerson-Character-Unarmed/BP_ThirdPerson/Content/Characters/Heroes/Mannequin/Meshes/SK_Mannequin.uasset",
				"C:/Users/bulle/Documents/GitHub/Savith-Sensei/UE-3rdPerson-Character-Unarmed/BP_ThirdPerson/Content/Characters/Heroes/Mannequin/Textures/Quinn/T_Quinn_01_D.uasset",
				"C:/Users/bulle/Documents/GitHub/Savith-Sensei/UE-3rdPerson-Character-Unarmed/BP_ThirdPerson/Content/Characters/Heroes/Mannequin/Textures/Quinn/T_Quinn_01_MSK.uasset",
				"C:/Users/bulle/Documents/GitHub/Savith-Sensei/UE-3rdPerson-Character-Unarmed/BP_ThirdPerson/Content/Characters/Heroes/Mannequin/Textures/Quinn/T_Quinn_01_MSK1.uasset",
				"C:/Users/bulle/Documents/GitHub/Savith-Sensei/UE-3rdPerson-Character-Unarmed/BP_ThirdPerson/Content/Characters/Heroes/Mannequin/Textures/Quinn/T_Quinn_01_MSK2.uasset",
				"C:/Users/bulle/Documents/GitHub/Savith-Sensei/UE-3rdPerson-Character-Unarmed/BP_ThirdPerson/Content/Characters/Heroes/Mannequin/Textures/Quinn/T_Quinn_01_MSK3.uasset",
				"C:/Users/bulle/Documents/GitHub/Savith-Sensei/UE-3rdPerson-Character-Unarmed/BP_ThirdPerson/Content/Characters/Heroes/Mannequin/Textures/Quinn/T_Quinn_01_N.uasset",
				"C:/Users/bulle/Documents/GitHub/Savith-Sensei/UE-3rdPerson-Character-Unarmed/BP_ThirdPerson/Content/Characters/Heroes/Mannequin/Materials/Instances/Quinn/MI_Quinn_01_Blue.uasset",
				"C:/Users/bulle/Documents/GitHub/Savith-Sensei/UE-3rdPerson-Character-Unarmed/BP_ThirdPerson/Content/Characters/Heroes/Mannequin/Textures/Quinn/T_Quinn_02_D.uasset",
				"C:/Users/bulle/Documents/GitHub/Savith-Sensei/UE-3rdPerson-Character-Unarmed/BP_ThirdPerson/Content/Characters/Heroes/Mannequin/Textures/Quinn/T_Quinn_02_MSK.uasset",
				"C:/Users/bulle/Documents/GitHub/Savith-Sensei/UE-3rdPerson-Character-Unarmed/BP_ThirdPerson/Content/Characters/Heroes/Mannequin/Textures/Quinn/T_Quinn_02_MSK1.uasset",
				"C:/Users/bulle/Documents/GitHub/Savith-Sensei/UE-3rdPerson-Character-Unarmed/BP_ThirdPerson/Content/Characters/Heroes/Mannequin/Textures/Quinn/T_Quinn_02_MSK2.uasset",
				"C:/Users/bulle/Documents/GitHub/Savith-Sensei/UE-3rdPerson-Character-Unarmed/BP_ThirdPerson/Content/Characters/Heroes/Mannequin/Textures/Quinn/T_Quinn_02_MSK3.uasset",
				"C:/Users/bulle/Documents/GitHub/Savith-Sensei/UE-3rdPerson-Character-Unarmed/BP_ThirdPerson/Content/Characters/Heroes/Mannequin/Textures/Quinn/T_Quinn_02_N.uasset",
				"C:/Users/bulle/Documents/GitHub/Savith-Sensei/UE-3rdPerson-Character-Unarmed/BP_ThirdPerson/Content/Characters/Heroes/Mannequin/Materials/Instances/Quinn/MI_Quinn_02_Blue.uasset",
				"C:/Users/bulle/Documents/GitHub/Savith-Sensei/UE-3rdPerson-Character-Unarmed/BP_ThirdPerson/Content/Characters/Heroes/Mannequin/Materials/Functions/MF_Diffraction.uasset",
				"C:/Users/bulle/Documents/GitHub/Savith-Sensei/UE-3rdPerson-Character-Unarmed/BP_ThirdPerson/Content/Characters/Heroes/Mannequin/Materials/Functions/CA_Mannequin_new.uasset",
				"C:/Users/bulle/Documents/GitHub/Savith-Sensei/UE-3rdPerson-Character-Unarmed/BP_ThirdPerson/Content/Characters/Heroes/Mannequin/Materials/Functions/ChromaticCurve2.uasset",
				"C:/Users/bulle/Documents/GitHub/Savith-Sensei/UE-3rdPerson-Character-Unarmed/BP_ThirdPerson/Content/Characters/Heroes/Mannequin/Textures/Shared/T_OrangePeel_N.uasset",
				"C:/Users/bulle/Documents/GitHub/Savith-Sensei/UE-3rdPerson-Character-Unarmed/BP_ThirdPerson/Content/Characters/Heroes/Mannequin/Materials/Functions/MF_logo.uasset",
				"C:/Users/bulle/Documents/GitHub/Savith-Sensei/UE-3rdPerson-Character-Unarmed/BP_ThirdPerson/Content/Characters/Heroes/Mannequin/Materials/Functions/MF_BaseColorFallOff.uasset",
				"C:/Users/bulle/Documents/GitHub/Savith-Sensei/UE-3rdPerson-Character-Unarmed/BP_ThirdPerson/Content/Characters/Heroes/Mannequin/Textures/Manny/T_Manny_01_D.uasset",
				"C:/Users/bulle/Documents/GitHub/Savith-Sensei/UE-3rdPerson-Character-Unarmed/BP_ThirdPerson/Content/Characters/Heroes/Mannequin/Textures/Manny/T_Manny_01_MSK.uasset",
				"C:/Users/bulle/Documents/GitHub/Savith-Sensei/UE-3rdPerson-Character-Unarmed/BP_ThirdPerson/Content/Characters/Heroes/Mannequin/Textures/Manny/T_Manny_01_MSK2.uasset",
				"C:/Users/bulle/Documents/GitHub/Savith-Sensei/UE-3rdPerson-Character-Unarmed/BP_ThirdPerson/Content/Characters/Heroes/Mannequin/Textures/Manny/T_Manny_01_MSK3.uasset",
				"C:/Users/bulle/Documents/GitHub/Savith-Sensei/UE-3rdPerson-Character-Unarmed/BP_ThirdPerson/Content/Characters/Heroes/Mannequin/Textures/Manny/T_Manny_01_N.uasset",
				"C:/Users/bulle/Documents/GitHub/Savith-Sensei/UE-3rdPerson-Character-Unarmed/BP_ThirdPerson/Content/Characters/Heroes/Mannequin/Textures/Manny/T_Manny_01_MSK1.uasset",
				"C:/Users/bulle/Documents/GitHub/Savith-Sensei/UE-3rdPerson-Character-Unarmed/BP_ThirdPerson/Content/Characters/Heroes/Mannequin/Textures/Shared/T_Detail_Normal.uasset",
				"C:/Users/bulle/Documents/GitHub/Savith-Sensei/UE-3rdPerson-Character-Unarmed/BP_ThirdPerson/Content/Characters/Heroes/Mannequin/Textures/Manny/T_Manny_02_D.uasset",
				"C:/Users/bulle/Documents/GitHub/Savith-Sensei/UE-3rdPerson-Character-Unarmed/BP_ThirdPerson/Content/Characters/Heroes/Mannequin/Textures/Manny/T_Manny_02_MSK.uasset",
				"C:/Users/bulle/Documents/GitHub/Savith-Sensei/UE-3rdPerson-Character-Unarmed/BP_ThirdPerson/Content/Characters/Heroes/Mannequin/Textures/Manny/T_Manny_02_MSK2.uasset",
				"C:/Users/bulle/Documents/GitHub/Savith-Sensei/UE-3rdPerson-Character-Unarmed/BP_ThirdPerson/Content/Characters/Heroes/Mannequin/Textures/Manny/T_Manny_02_MSK3.uasset",
				"C:/Users/bulle/Documents/GitHub/Savith-Sensei/UE-3rdPerson-Character-Unarmed/BP_ThirdPerson/Content/Characters/Heroes/Mannequin/Textures/Manny/T_Manny_02_N.uasset",
				"C:/Users/bulle/Documents/GitHub/Savith-Sensei/UE-3rdPerson-Character-Unarmed/BP_ThirdPerson/Content/Characters/Heroes/Mannequin/Textures/Manny/T_Manny_02_MSK1.uasset",
				"C:/Users/bulle/Documents/GitHub/Savith-Sensei/UE-3rdPerson-Character-Unarmed/BP_ThirdPerson/Content/Characters/Heroes/Mannequin/Textures/Shared/T_UE_Logo_V2.uasset"
			]
		}
	]
}